testcase,num_ants,alpha,beta,rho,k,cost
dist_cluster_35_N30_M300,50,2.0,2.0,0.1,1,36239
dist_cluster_35_N30_M300,50,1.0,3.0,0.1,2,33476
dist_cluster_35_N30_M300,50,1.0,4.0,0.1,2,32131
dist_cluster_35_N30_M300,50,1.0,2.0,0.1,2,44685
dist_cluster_35_N30_M300,50,1.0,2.0,0.1,1,43904
dist_cluster_35_N30_M300,50,2.0,3.0,0.1,2,34613
dist_cluster_35_N30_M300,50,1.0,4.0,0.1,1,32657
dist_cluster_35_N30_M300,50,2.0,3.0,0.1,1,34876
dist_cluster_35_N30_M300,50,2.0,2.0,0.1,2,37376
dist_cluster_35_N30_M300,50,2.0,3.0,0.1,0,34066
dist_cluster_35_N30_M300,50,1.0,2.0,0.1,0,43582
dist_cluster_35_N30_M300,50,1.0,3.0,0.1,1,33844
dist_cluster_35_N30_M300,50,1.0,4.0,0.1,0,33280
dist_cluster_35_N30_M300,50,1.0,3.0,0.1,0,32695
dist_cluster_35_N30_M300,50,2.0,2.0,0.1,0,37925
dist_cluster_35_N30_M300,50,2.0,4.0,0.1,0,34321
dist_cluster_35_N30_M300,100,1.0,2.0,0.1,1,48283
dist_cluster_35_N30_M300,100,1.0,2.0,0.1,0,42294
dist_cluster_35_N30_M300,50,2.0,4.0,0.1,2,34894
dist_cluster_35_N30_M300,50,2.0,4.0,0.1,1,34650
dist_cluster_35_N30_M300,100,1.0,2.0,0.1,2,43906
dist_cluster_35_N30_M300,100,1.0,4.0,0.1,1,32706
dist_cluster_35_N30_M300,100,1.0,4.0,0.1,0,32926
dist_cluster_35_N30_M300,100,1.0,3.0,0.1,2,33706
dist_cluster_35_N30_M300,100,1.0,3.0,0.1,0,32920
dist_cluster_35_N30_M300,100,1.0,3.0,0.1,1,33167
dist_cluster_35_N30_M300,100,2.0,2.0,0.1,1,37130
dist_cluster_35_N30_M300,100,1.0,4.0,0.1,2,32221
dist_cluster_35_N30_M300,100,2.0,2.0,0.1,0,37222
dist_cluster_35_N30_M300,100,2.0,2.0,0.1,2,37479
dist_cluster_35_N30_M300,100,2.0,3.0,0.1,0,35669
dist_cluster_35_N30_M300,100,2.0,3.0,0.1,2,34238
dist_cluster_35_N30_M300,100,2.0,4.0,0.1,1,33607
dist_cluster_35_N30_M300,100,2.0,3.0,0.1,1,34196
dist_cluster_35_N30_M300,100,2.0,4.0,0.1,0,33899
dist_corner_31_N15_M150,50,1.0,2.0,0.1,0,14662
dist_corner_31_N15_M150,50,1.0,2.0,0.1,1,14744
dist_corner_31_N15_M150,50,1.0,2.0,0.1,2,14908
dist_corner_31_N15_M150,50,1.0,3.0,0.1,0,14865
dist_corner_31_N15_M150,50,1.0,3.0,0.1,1,15114
dist_corner_31_N15_M150,50,1.0,3.0,0.1,2,15363
dist_cluster_35_N30_M300,100,2.0,4.0,0.1,2,33959
dist_corner_31_N15_M150,50,1.0,4.0,0.1,0,15849
dist_corner_31_N15_M150,50,1.0,4.0,0.1,1,15470
dist_corner_31_N15_M150,50,1.0,4.0,0.1,2,15392
dist_corner_31_N15_M150,50,2.0,2.0,0.1,0,17023
dist_corner_31_N15_M150,50,2.0,2.0,0.1,1,16121
dist_corner_31_N15_M150,50,2.0,2.0,0.1,2,15795
dist_corner_31_N15_M150,50,2.0,3.0,0.1,0,15847
dist_corner_31_N15_M150,50,2.0,3.0,0.1,1,15720
dist_corner_31_N15_M150,50,2.0,3.0,0.1,2,16189
dist_corner_31_N15_M150,50,2.0,4.0,0.1,0,15797
dist_corner_31_N15_M150,50,2.0,4.0,0.1,1,15750
dist_corner_31_N15_M150,50,2.0,4.0,0.1,2,15773
dist_corner_31_N15_M150,100,1.0,2.0,0.1,1,14660
dist_corner_31_N15_M150,100,1.0,2.0,0.1,0,14708
dist_corner_31_N15_M150,100,1.0,2.0,0.1,2,15126
dist_corner_31_N15_M150,100,1.0,3.0,0.1,0,14992
dist_corner_31_N15_M150,100,1.0,3.0,0.1,1,15222
dist_corner_31_N15_M150,100,1.0,3.0,0.1,2,14953
dist_corner_31_N15_M150,100,1.0,4.0,0.1,0,15417
dist_corner_31_N15_M150,100,2.0,2.0,0.1,0,15141
dist_corner_31_N15_M150,100,1.0,4.0,0.1,2,15698
dist_corner_31_N15_M150,100,2.0,2.0,0.1,1,16196
dist_corner_31_N15_M150,100,1.0,4.0,0.1,1,15415
dist_corner_31_N15_M150,100,2.0,2.0,0.1,2,16118
dist_corner_31_N15_M150,100,2.0,4.0,0.1,0,16411
dist_corner_31_N15_M150,100,2.0,3.0,0.1,0,15845
dist_corner_31_N15_M150,100,2.0,3.0,0.1,2,16728
dist_corner_31_N15_M150,100,2.0,3.0,0.1,1,16524
dist_diagonal_38_N30_M300,50,1.0,2.0,0.1,2,56770
dist_corner_31_N15_M150,100,2.0,4.0,0.1,2,16165
dist_corner_31_N15_M150,100,2.0,4.0,0.1,1,15964
dist_diagonal_38_N30_M300,50,1.0,2.0,0.1,0,58608
dist_diagonal_38_N30_M300,50,1.0,2.0,0.1,1,61701
dist_diagonal_38_N30_M300,50,1.0,3.0,0.1,0,45115
dist_diagonal_38_N30_M300,50,1.0,3.0,0.1,1,44418
dist_diagonal_38_N30_M300,50,2.0,2.0,0.1,0,46984
dist_diagonal_38_N30_M300,50,1.0,3.0,0.1,2,46077
dist_diagonal_38_N30_M300,50,2.0,2.0,0.1,2,51772
dist_diagonal_38_N30_M300,50,2.0,3.0,0.1,2,42270
dist_diagonal_38_N30_M300,50,2.0,3.0,0.1,1,44822
dist_diagonal_38_N30_M300,50,2.0,3.0,0.1,0,46272
dist_diagonal_38_N30_M300,50,2.0,2.0,0.1,1,47236
dist_diagonal_38_N30_M300,50,1.0,4.0,0.1,0,41441
dist_diagonal_38_N30_M300,50,2.0,4.0,0.1,1,44503
dist_diagonal_38_N30_M300,50,1.0,4.0,0.1,1,42062
dist_diagonal_38_N30_M300,50,1.0,4.0,0.1,2,43737
dist_diagonal_38_N30_M300,50,2.0,4.0,0.1,2,42792
dist_diagonal_38_N30_M300,50,2.0,4.0,0.1,0,42532
dist_diagonal_38_N30_M300,100,1.0,3.0,0.1,2,48048
dist_diagonal_38_N30_M300,100,2.0,2.0,0.1,1,48559
dist_diagonal_38_N30_M300,100,2.0,2.0,0.1,2,49314
dist_diagonal_38_N30_M300,100,2.0,2.0,0.1,0,46360
dist_diagonal_38_N30_M300,100,1.0,4.0,0.1,1,45215
dist_diagonal_38_N30_M300,100,1.0,4.0,0.1,0,46200
dist_diagonal_38_N30_M300,100,1.0,4.0,0.1,2,42736
dist_diagonal_38_N30_M300,100,2.0,3.0,0.1,0,44250
dist_diagonal_38_N30_M300,100,1.0,2.0,0.1,0,59911
dist_diagonal_38_N30_M300,100,1.0,2.0,0.1,1,62350
dist_diagonal_38_N30_M300,100,1.0,2.0,0.1,2,56117
dist_diagonal_38_N30_M300,100,1.0,3.0,0.1,0,47288
dist_diagonal_38_N30_M300,100,1.0,3.0,0.1,1,48301
dist_diagonal_38_N30_M300,100,2.0,3.0,0.1,1,42608
dist_diagonal_38_N30_M300,100,2.0,3.0,0.1,2,43523
dist_diagonal_38_N30_M300,100,2.0,4.0,0.1,0,45301
dist_diagonal_38_N30_M300,100,2.0,4.0,0.1,1,42401
dist_diagonal_38_N30_M300,100,2.0,4.0,0.1,2,42554
edge_N1_24_N1_M500,50,1.0,2.0,0.1,1,306929
edge_N1_24_N1_M500,50,1.0,3.0,0.1,0,183903
edge_N1_24_N1_M500,50,1.0,3.0,0.1,1,189101
edge_N1_24_N1_M500,50,1.0,3.0,0.1,2,188964
edge_N1_24_N1_M500,50,1.0,2.0,0.1,0,289945
edge_N1_24_N1_M500,50,1.0,2.0,0.1,2,297134
edge_N1_24_N1_M500,50,1.0,4.0,0.1,0,166912
edge_N1_24_N1_M500,50,1.0,4.0,0.1,2,162813
edge_N1_24_N1_M500,50,2.0,2.0,0.1,0,163219
edge_N1_24_N1_M500,50,1.0,4.0,0.1,1,161294
edge_N1_24_N1_M500,50,2.0,2.0,0.1,1,165310
edge_N1_24_N1_M500,50,2.0,2.0,0.1,2,162579
edge_N1_24_N1_M500,50,2.0,3.0,0.1,1,151278
edge_N1_24_N1_M500,50,2.0,3.0,0.1,0,146942
edge_N1_24_N1_M500,50,2.0,3.0,0.1,2,154209
edge_N1_24_N1_M500,100,1.0,2.0,0.1,0,292934
edge_N1_24_N1_M500,100,1.0,2.0,0.1,1,297857
edge_N1_24_N1_M500,100,1.0,2.0,0.1,2,296863
edge_N1_24_N1_M500,50,2.0,4.0,0.1,0,139432
edge_N1_24_N1_M500,50,2.0,4.0,0.1,1,144680
edge_N1_24_N1_M500,50,2.0,4.0,0.1,2,143643
edge_N1_24_N1_M500,100,1.0,3.0,0.1,0,180079
edge_N1_24_N1_M500,100,1.0,3.0,0.1,1,185476
edge_N1_24_N1_M500,100,1.0,3.0,0.1,2,186848
edge_N1_24_N1_M500,100,1.0,4.0,0.1,0,163277
edge_N1_24_N1_M500,100,1.0,4.0,0.1,1,160818
edge_N1_24_N1_M500,100,1.0,4.0,0.1,2,167324
edge_N1_24_N1_M500,100,2.0,2.0,0.1,0,182763
edge_N1_24_N1_M500,100,2.0,2.0,0.1,1,171786
edge_N1_24_N1_M500,100,2.0,2.0,0.1,2,186358
edge_N1_24_N1_M500,100,2.0,3.0,0.1,0,148577
edge_N1_24_N1_M500,100,2.0,3.0,0.1,1,149592
edge_N1_24_N1_M500,100,2.0,3.0,0.1,2,150477
edge_dense_30_N50_M1000,50,1.0,2.0,0.1,0,672
edge_dense_30_N50_M1000,50,1.0,2.0,0.1,1,672
edge_dense_30_N50_M1000,50,1.0,2.0,0.1,2,672
edge_N1_24_N1_M500,100,2.0,4.0,0.1,0,150724
edge_N1_24_N1_M500,100,2.0,4.0,0.1,2,144646
edge_N1_24_N1_M500,100,2.0,4.0,0.1,1,144309
edge_dense_30_N50_M1000,50,1.0,3.0,0.1,0,672
edge_dense_30_N50_M1000,50,1.0,3.0,0.1,1,672
edge_dense_30_N50_M1000,50,1.0,3.0,0.1,2,672
edge_dense_30_N50_M1000,50,1.0,4.0,0.1,0,672
edge_dense_30_N50_M1000,50,1.0,4.0,0.1,1,672
edge_dense_30_N50_M1000,50,1.0,4.0,0.1,2,672
edge_dense_30_N50_M1000,50,2.0,2.0,0.1,0,672
edge_dense_30_N50_M1000,50,2.0,2.0,0.1,1,672
edge_dense_30_N50_M1000,50,2.0,2.0,0.1,2,672
edge_dense_30_N50_M1000,50,2.0,3.0,0.1,0,672
edge_dense_30_N50_M1000,50,2.0,3.0,0.1,1,672
edge_dense_30_N50_M1000,50,2.0,3.0,0.1,2,672
edge_dense_30_N50_M1000,50,2.0,4.0,0.1,0,672
edge_dense_30_N50_M1000,50,2.0,4.0,0.1,1,672
edge_dense_30_N50_M1000,50,2.0,4.0,0.1,2,672
edge_dense_30_N50_M1000,100,1.0,2.0,0.1,0,672
edge_dense_30_N50_M1000,100,1.0,2.0,0.1,1,672
edge_dense_30_N50_M1000,100,1.0,2.0,0.1,2,672
edge_dense_30_N50_M1000,100,1.0,3.0,0.1,0,672
edge_infeas_26_N30_M200,50,1.0,2.0,0.1,0,-1
edge_infeas_26_N30_M200,50,1.0,2.0,0.1,1,-1
edge_infeas_26_N30_M200,50,1.0,2.0,0.1,2,-1
edge_infeas_26_N30_M200,50,1.0,3.0,0.1,0,-1
edge_infeas_26_N30_M200,50,1.0,3.0,0.1,1,-1
edge_infeas_26_N30_M200,50,1.0,3.0,0.1,2,-1
edge_infeas_26_N30_M200,50,1.0,4.0,0.1,0,-1
edge_infeas_26_N30_M200,50,1.0,4.0,0.1,1,-1
edge_infeas_26_N30_M200,50,1.0,4.0,0.1,2,-1
edge_infeas_26_N30_M200,50,2.0,2.0,0.1,0,-1
edge_infeas_26_N30_M200,50,2.0,2.0,0.1,1,-1
edge_infeas_26_N30_M200,50,2.0,2.0,0.1,2,-1
edge_infeas_26_N30_M200,50,2.0,3.0,0.1,0,-1
edge_infeas_26_N30_M200,50,2.0,3.0,0.1,1,-1
edge_infeas_26_N30_M200,50,2.0,3.0,0.1,2,-1
edge_infeas_26_N30_M200,50,2.0,4.0,0.1,0,-1
edge_infeas_26_N30_M200,50,2.0,4.0,0.1,1,-1
edge_dense_30_N50_M1000,100,1.0,3.0,0.1,1,672
edge_infeas_26_N30_M200,50,2.0,4.0,0.1,2,-1
edge_infeas_26_N30_M200,100,1.0,2.0,0.1,0,-1
edge_infeas_26_N30_M200,100,1.0,2.0,0.1,1,-1
edge_infeas_26_N30_M200,100,1.0,2.0,0.1,2,-1
edge_infeas_26_N30_M200,100,1.0,3.0,0.1,0,-1
edge_infeas_26_N30_M200,100,1.0,3.0,0.1,1,-1
edge_infeas_26_N30_M200,100,1.0,3.0,0.1,2,-1
edge_infeas_26_N30_M200,100,1.0,4.0,0.1,0,-1
edge_infeas_26_N30_M200,100,1.0,4.0,0.1,2,-1
edge_infeas_26_N30_M200,100,1.0,4.0,0.1,1,-1
edge_infeas_26_N30_M200,100,2.0,2.0,0.1,0,-1
edge_infeas_26_N30_M200,100,2.0,2.0,0.1,1,-1
edge_infeas_26_N30_M200,100,2.0,2.0,0.1,2,-1
edge_infeas_26_N30_M200,100,2.0,3.0,0.1,0,-1
edge_infeas_26_N30_M200,100,2.0,3.0,0.1,1,-1
edge_infeas_26_N30_M200,100,2.0,3.0,0.1,2,-1
edge_infeas_26_N30_M200,100,2.0,4.0,0.1,0,-1
edge_infeas_26_N30_M200,100,2.0,4.0,0.1,1,-1
edge_infeas_26_N30_M200,100,2.0,4.0,0.1,2,-1
edge_dense_30_N50_M1000,100,1.0,3.0,0.1,2,672
edge_dense_30_N50_M1000,100,1.0,4.0,0.1,0,672
edge_dense_30_N50_M1000,100,1.0,4.0,0.1,1,672
edge_dense_30_N50_M1000,100,1.0,4.0,0.1,2,672
edge_dense_30_N50_M1000,100,2.0,2.0,0.1,1,672
edge_dense_30_N50_M1000,100,2.0,2.0,0.1,0,672
edge_dense_30_N50_M1000,100,2.0,2.0,0.1,2,672
edge_dense_30_N50_M1000,100,2.0,3.0,0.1,0,672
edge_dense_30_N50_M1000,100,2.0,3.0,0.1,1,672
edge_dense_30_N50_M1000,100,2.0,3.0,0.1,2,672
edge_dense_30_N50_M1000,100,2.0,4.0,0.1,0,672
edge_dense_30_N50_M1000,100,2.0,4.0,0.1,1,672
edge_dense_30_N50_M1000,100,2.0,4.0,0.1,2,672
edge_sparse_27_N40_M800,50,1.0,2.0,0.1,0,985152
edge_sparse_27_N40_M800,50,1.0,2.0,0.1,1,998207
edge_sparse_27_N40_M800,50,1.0,2.0,0.1,2,1015915
edge_sparse_27_N40_M800,50,1.0,3.0,0.1,0,539135
edge_sparse_27_N40_M800,50,1.0,3.0,0.1,1,558253
edge_sparse_27_N40_M800,50,1.0,3.0,0.1,2,561162
edge_sparse_27_N40_M800,50,2.0,2.0,0.1,0,767984
edge_sparse_27_N40_M800,50,2.0,2.0,0.1,1,735246
edge_sparse_27_N40_M800,50,1.0,4.0,0.1,2,456457
edge_sparse_27_N40_M800,50,1.0,4.0,0.1,0,464017
edge_sparse_27_N40_M800,50,1.0,4.0,0.1,1,437685
edge_sparse_27_N40_M800,50,2.0,2.0,0.1,2,753455
edge_sparse_27_N40_M800,50,2.0,3.0,0.1,0,451730
edge_sparse_27_N40_M800,50,2.0,3.0,0.1,1,459782
edge_sparse_27_N40_M800,50,2.0,3.0,0.1,2,467500
edge_sparse_27_N40_M800,50,2.0,4.0,0.1,0,416199
edge_sparse_27_N40_M800,50,2.0,4.0,0.1,1,419979
edge_sparse_27_N40_M800,50,2.0,4.0,0.1,2,422164
edge_sparse_27_N40_M800,100,1.0,2.0,0.1,0,1134062
edge_sparse_27_N40_M800,100,1.0,2.0,0.1,1,1175505
edge_sparse_27_N40_M800,100,1.0,2.0,0.1,2,1160695
edge_sparse_27_N40_M800,100,1.0,3.0,0.1,1,631202
edge_sparse_27_N40_M800,100,1.0,3.0,0.1,0,616859
edge_sparse_27_N40_M800,100,1.0,3.0,0.1,2,628010
edge_sparse_27_N40_M800,100,1.0,4.0,0.1,1,488999
edge_sparse_27_N40_M800,100,2.0,2.0,0.1,0,1088045
edge_sparse_27_N40_M800,100,1.0,4.0,0.1,0,487649
edge_sparse_27_N40_M800,100,1.0,4.0,0.1,2,498578
edge_sparse_27_N40_M800,100,2.0,2.0,0.1,2,1106909
edge_sparse_27_N40_M800,100,2.0,2.0,0.1,1,1102770
edge_sparse_27_N40_M800,100,2.0,3.0,0.1,0,574772
edge_sparse_27_N40_M800,100,2.0,3.0,0.1,1,578741
edge_sparse_27_N40_M800,100,2.0,3.0,0.1,2,587509
edge_sparse_27_N40_M800,100,2.0,4.0,0.1,0,459586
edge_sparse_27_N40_M800,100,2.0,4.0,0.1,2,461937
large_19_N40_M800,50,1.0,2.0,0.1,1,1187514
large_19_N40_M800,50,1.0,3.0,0.1,0,526702
large_19_N40_M800,50,1.0,3.0,0.1,2,527709
large_19_N40_M800,50,1.0,3.0,0.1,1,510014
large_19_N40_M800,50,1.0,2.0,0.1,2,1200113
large_19_N40_M800,50,1.0,4.0,0.1,0,409354
large_19_N40_M800,50,1.0,4.0,0.1,2,420649
large_19_N40_M800,50,1.0,4.0,0.1,1,426348
edge_sparse_27_N40_M800,100,2.0,4.0,0.1,1,433663
large_19_N40_M800,50,1.0,2.0,0.1,0,1199022
large_19_N40_M800,50,2.0,2.0,0.1,0,870275
large_19_N40_M800,50,2.0,2.0,0.1,1,841187
large_19_N40_M800,50,2.0,2.0,0.1,2,1339653
large_19_N40_M800,50,2.0,4.0,0.1,0,393067
large_19_N40_M800,50,2.0,4.0,0.1,1,403378
large_19_N40_M800,50,2.0,4.0,0.1,2,392360
large_19_N40_M800,50,2.0,3.0,0.1,0,427073
large_19_N40_M800,50,2.0,3.0,0.1,1,434941
large_19_N40_M800,50,2.0,3.0,0.1,2,442215
large_19_N40_M800,100,1.0,2.0,0.1,0,1396742
large_19_N40_M800,100,1.0,2.0,0.1,1,1409515
large_19_N40_M800,100,1.0,3.0,0.1,0,631879
large_19_N40_M800,100,1.0,2.0,0.1,2,1410145
large_19_N40_M800,100,1.0,3.0,0.1,1,615767
large_19_N40_M800,100,1.0,4.0,0.1,0,476465
large_19_N40_M800,100,1.0,4.0,0.1,1,469843
large_19_N40_M800,100,1.0,3.0,0.1,2,614391
large_19_N40_M800,100,1.0,4.0,0.1,2,465678
large_19_N40_M800,100,2.0,2.0,0.1,1,1347044
large_19_N40_M800,100,2.0,2.0,0.1,0,1466148
large_19_N40_M800,100,2.0,2.0,0.1,2,1397125
large_19_N40_M800,100,2.0,3.0,0.1,0,645317
large_19_N40_M800,100,2.0,3.0,0.1,1,645733
large_19_N40_M800,100,2.0,3.0,0.1,2,626538
large_19_N40_M800,100,2.0,4.0,0.1,0,462438
large_19_N40_M800,100,2.0,4.0,0.1,1,465276
large_19_N40_M800,100,2.0,4.0,0.1,2,458965
large_21_N50_M1000,50,1.0,2.0,0.1,0,2296996
large_21_N50_M1000,50,1.0,2.0,0.1,1,2263884
large_21_N50_M1000,50,1.0,3.0,0.1,0,984064
large_21_N50_M1000,50,1.0,2.0,0.1,2,2240139
large_21_N50_M1000,50,1.0,3.0,0.1,1,999451
large_21_N50_M1000,50,1.0,3.0,0.1,2,985216
large_21_N50_M1000,50,1.0,4.0,0.1,0,688205
large_21_N50_M1000,50,1.0,4.0,0.1,1,702019
large_21_N50_M1000,50,1.0,4.0,0.1,2,701865
large_21_N50_M1000,50,2.0,2.0,0.1,0,2232766
large_21_N50_M1000,50,2.0,2.0,0.1,1,2205631
large_21_N50_M1000,50,2.0,2.0,0.1,2,2214740
large_21_N50_M1000,50,2.0,3.0,0.1,0,924555
large_21_N50_M1000,50,2.0,3.0,0.1,1,904209
large_21_N50_M1000,50,2.0,3.0,0.1,2,865919
large_21_N50_M1000,50,2.0,4.0,0.1,0,671555
large_21_N50_M1000,50,2.0,4.0,0.1,1,671935
large_21_N50_M1000,50,2.0,4.0,0.1,2,666364
large_21_N50_M1000,100,1.0,2.0,0.1,0,2281938
large_21_N50_M1000,100,1.0,2.0,0.1,1,2335582
large_21_N50_M1000,100,1.0,2.0,0.1,2,2277838
large_21_N50_M1000,100,1.0,3.0,0.1,0,1007712
large_21_N50_M1000,100,1.0,3.0,0.1,1,986284
large_21_N50_M1000,100,1.0,3.0,0.1,2,994440
large_21_N50_M1000,100,1.0,4.0,0.1,0,692006
large_21_N50_M1000,100,1.0,4.0,0.1,1,712748
large_21_N50_M1000,100,1.0,4.0,0.1,2,708422
large_21_N50_M1000,100,2.0,2.0,0.1,0,2274602
large_21_N50_M1000,100,2.0,2.0,0.1,1,2306164
large_21_N50_M1000,100,2.0,2.0,0.1,2,2319601
large_21_N50_M1000,100,2.0,3.0,0.1,0,989060
large_21_N50_M1000,100,2.0,3.0,0.1,1,993943
large_21_N50_M1000,100,2.0,3.0,0.1,2,985820
large_22_N50_M1000,50,1.0,2.0,0.1,0,2244764
large_22_N50_M1000,50,1.0,2.0,0.1,1,2282395
large_22_N50_M1000,50,1.0,2.0,0.1,2,2250959
large_21_N50_M1000,100,2.0,4.0,0.1,0,702677
large_21_N50_M1000,100,2.0,4.0,0.1,1,706822
large_22_N50_M1000,50,1.0,3.0,0.1,0,960912
large_22_N50_M1000,50,1.0,3.0,0.1,1,957670
large_22_N50_M1000,50,1.0,3.0,0.1,2,936599
large_21_N50_M1000,100,2.0,4.0,0.1,2,704163
large_22_N50_M1000,50,1.0,4.0,0.1,0,668819
large_22_N50_M1000,50,1.0,4.0,0.1,1,662470
large_22_N50_M1000,50,1.0,4.0,0.1,2,675241
large_22_N50_M1000,50,2.0,2.0,0.1,1,2108518
large_22_N50_M1000,50,2.0,2.0,0.1,0,2186278
large_22_N50_M1000,50,2.0,2.0,0.1,2,2212222
large_22_N50_M1000,50,2.0,3.0,0.1,0,874426
large_22_N50_M1000,50,2.0,3.0,0.1,1,835176
large_22_N50_M1000,50,2.0,3.0,0.1,2,863381
large_22_N50_M1000,50,2.0,4.0,0.1,0,627366
large_22_N50_M1000,50,2.0,4.0,0.1,1,642864
large_22_N50_M1000,50,2.0,4.0,0.1,2,639273
large_22_N50_M1000,100,1.0,2.0,0.1,0,2271396
large_22_N50_M1000,100,1.0,2.0,0.1,1,2249402
large_22_N50_M1000,100,1.0,2.0,0.1,2,2267154
large_22_N50_M1000,100,1.0,3.0,0.1,1,994864
large_22_N50_M1000,100,1.0,3.0,0.1,0,979696
large_22_N50_M1000,100,1.0,3.0,0.1,2,989173
large_22_N50_M1000,100,1.0,4.0,0.1,1,684989
large_22_N50_M1000,100,1.0,4.0,0.1,0,702477
large_22_N50_M1000,100,1.0,4.0,0.1,2,696930
medium_14_N30_M250,50,1.0,2.0,0.1,0,106564
medium_14_N30_M250,50,1.0,2.0,0.1,1,102705
medium_14_N30_M250,50,1.0,2.0,0.1,2,97468
large_22_N50_M1000,100,2.0,2.0,0.1,1,2270935
medium_14_N30_M250,50,1.0,3.0,0.1,0,76700
medium_14_N30_M250,50,1.0,3.0,0.1,1,72988
large_22_N50_M1000,100,2.0,2.0,0.1,2,2170573
large_22_N50_M1000,100,2.0,2.0,0.1,0,2243833
large_22_N50_M1000,100,2.0,3.0,0.1,0,937630
large_22_N50_M1000,100,2.0,3.0,0.1,2,956295
medium_14_N30_M250,50,1.0,3.0,0.1,2,74833
large_22_N50_M1000,100,2.0,3.0,0.1,1,970225
medium_14_N30_M250,50,1.0,4.0,0.1,0,66405
medium_14_N30_M250,50,1.0,4.0,0.1,1,66174
medium_14_N30_M250,50,1.0,4.0,0.1,2,69280
medium_14_N30_M250,50,2.0,2.0,0.1,0,75933
medium_14_N30_M250,50,2.0,2.0,0.1,1,72608
large_22_N50_M1000,100,2.0,4.0,0.1,0,678375
medium_14_N30_M250,50,2.0,2.0,0.1,2,76238
medium_14_N30_M250,50,2.0,3.0,0.1,1,67700
medium_14_N30_M250,50,2.0,3.0,0.1,0,67453
medium_14_N30_M250,50,2.0,3.0,0.1,2,67756
large_22_N50_M1000,100,2.0,4.0,0.1,1,676315
medium_14_N30_M250,50,2.0,4.0,0.1,0,66416
medium_14_N30_M250,50,2.0,4.0,0.1,1,68191
medium_14_N30_M250,50,2.0,4.0,0.1,2,68475
medium_14_N30_M250,100,1.0,2.0,0.1,0,93191
medium_14_N30_M250,100,1.0,2.0,0.1,1,101487
medium_14_N30_M250,100,1.0,2.0,0.1,2,103586
medium_14_N30_M250,100,1.0,3.0,0.1,0,77353
large_22_N50_M1000,100,2.0,4.0,0.1,2,667377
medium_14_N30_M250,100,1.0,3.0,0.1,1,74773
medium_14_N30_M250,100,1.0,3.0,0.1,2,73038
medium_14_N30_M250,100,1.0,4.0,0.1,0,69730
medium_14_N30_M250,100,1.0,4.0,0.1,1,67211
medium_14_N30_M250,100,1.0,4.0,0.1,2,69526
medium_14_N30_M250,100,2.0,2.0,0.1,0,71665
medium_14_N30_M250,100,2.0,2.0,0.1,1,73595
medium_14_N30_M250,100,2.0,2.0,0.1,2,76328
medium_14_N30_M250,100,2.0,3.0,0.1,0,67671
medium_14_N30_M250,100,2.0,3.0,0.1,1,68179
medium_14_N30_M250,100,2.0,3.0,0.1,2,68147
medium_14_N30_M250,100,2.0,4.0,0.1,0,64247
medium_14_N30_M250,100,2.0,4.0,0.1,1,69489
medium_14_N30_M250,100,2.0,4.0,0.1,2,67240
medium_15_N30_M300,50,1.0,2.0,0.1,0,116466
medium_15_N30_M300,50,1.0,2.0,0.1,1,104935
medium_15_N30_M300,50,1.0,2.0,0.1,2,111577
medium_15_N30_M300,50,1.0,3.0,0.1,2,82720
medium_15_N30_M300,50,1.0,3.0,0.1,0,78031
medium_15_N30_M300,50,1.0,3.0,0.1,1,79400
medium_15_N30_M300,50,1.0,4.0,0.1,0,67084
medium_15_N30_M300,50,1.0,4.0,0.1,1,69650
medium_15_N30_M300,50,1.0,4.0,0.1,2,68012
medium_15_N30_M300,50,2.0,2.0,0.1,0,75828
medium_15_N30_M300,50,2.0,2.0,0.1,1,77788
medium_15_N30_M300,50,2.0,2.0,0.1,2,77233
medium_15_N30_M300,50,2.0,3.0,0.1,0,70968
medium_15_N30_M300,50,2.0,3.0,0.1,1,74418
medium_15_N30_M300,50,2.0,3.0,0.1,2,72189
medium_15_N30_M300,50,2.0,4.0,0.1,0,68082
medium_15_N30_M300,50,2.0,4.0,0.1,1,69292
medium_15_N30_M300,50,2.0,4.0,0.1,2,68763
medium_15_N30_M300,100,1.0,2.0,0.1,0,106244
medium_15_N30_M300,100,1.0,2.0,0.1,1,108885
medium_15_N30_M300,100,1.0,2.0,0.1,2,115243
medium_15_N30_M300,100,1.0,3.0,0.1,0,75708
medium_15_N30_M300,100,1.0,3.0,0.1,1,84214
medium_15_N30_M300,100,1.0,3.0,0.1,2,75618
medium_15_N30_M300,100,1.0,4.0,0.1,0,66752
medium_15_N30_M300,100,1.0,4.0,0.1,1,69255
medium_15_N30_M300,100,1.0,4.0,0.1,2,71534
medium_15_N30_M300,100,2.0,2.0,0.1,0,78206
medium_15_N30_M300,100,2.0,2.0,0.1,1,78290
medium_15_N30_M300,100,2.0,2.0,0.1,2,73660
medium_15_N30_M300,100,2.0,3.0,0.1,0,72986
medium_15_N30_M300,100,2.0,3.0,0.1,1,68171
medium_15_N30_M300,100,2.0,3.0,0.1,2,71560
medium_15_N30_M300,100,2.0,4.0,0.1,0,68252
medium_15_N30_M300,100,2.0,4.0,0.1,1,73006
medium_15_N30_M300,100,2.0,4.0,0.1,2,70516
medium_17_N35_M400,50,1.0,2.0,0.1,0,240979
medium_17_N35_M400,50,1.0,2.0,0.1,1,270057
medium_17_N35_M400,50,1.0,2.0,0.1,2,252011
medium_17_N35_M400,50,1.0,3.0,0.1,0,156970
medium_17_N35_M400,50,1.0,3.0,0.1,1,164894
medium_17_N35_M400,50,1.0,4.0,0.1,0,144300
medium_17_N35_M400,50,1.0,3.0,0.1,2,164260
medium_17_N35_M400,50,1.0,4.0,0.1,1,141461
medium_17_N35_M400,50,1.0,4.0,0.1,2,140664
medium_17_N35_M400,50,2.0,2.0,0.1,1,157332
medium_17_N35_M400,50,2.0,2.0,0.1,0,150842
medium_17_N35_M400,50,2.0,2.0,0.1,2,143989
medium_17_N35_M400,50,2.0,3.0,0.1,1,135249
medium_17_N35_M400,50,2.0,3.0,0.1,2,131369
medium_17_N35_M400,50,2.0,3.0,0.1,0,136562
medium_17_N35_M400,50,2.0,4.0,0.1,0,132096
medium_17_N35_M400,50,2.0,4.0,0.1,1,131159
medium_17_N35_M400,50,2.0,4.0,0.1,2,126875
medium_17_N35_M400,100,1.0,2.0,0.1,0,253302
medium_17_N35_M400,100,1.0,2.0,0.1,1,266588
medium_17_N35_M400,100,1.0,2.0,0.1,2,264981
medium_17_N35_M400,100,1.0,3.0,0.1,0,162361
medium_17_N35_M400,100,1.0,3.0,0.1,1,166718
medium_17_N35_M400,100,1.0,3.0,0.1,2,162442
medium_17_N35_M400,100,1.0,4.0,0.1,0,148028
medium_17_N35_M400,100,1.0,4.0,0.1,1,141341
medium_17_N35_M400,100,1.0,4.0,0.1,2,146717
medium_17_N35_M400,100,2.0,2.0,0.1,0,158632
medium_17_N35_M400,100,2.0,2.0,0.1,1,162228
medium_17_N35_M400,100,2.0,2.0,0.1,2,151624
medium_17_N35_M400,100,2.0,3.0,0.1,0,134068
medium_17_N35_M400,100,2.0,3.0,0.1,1,134269
medium_17_N35_M400,100,2.0,3.0,0.1,2,136397
medium_17_N35_M400,100,2.0,4.0,0.1,0,126573
medium_17_N35_M400,100,2.0,4.0,0.1,1,126629
medium_17_N35_M400,100,2.0,4.0,0.1,2,129250
