testcase,pop_size,crossover_rate,mutation_rate,cost_min,cost_avg
dist_cluster_35_N30_M300,100,0.7,0.05,31554,31609.333333
dist_cluster_35_N30_M300,100,0.7,0.1,31609,31665.666667
dist_cluster_35_N30_M300,100,0.7,0.2,31652,31680.0
dist_cluster_35_N30_M300,100,0.8,0.05,31609,31627.666667
dist_cluster_35_N30_M300,100,0.8,0.1,31609,31637.666667
dist_cluster_35_N30_M300,100,0.8,0.2,31652,31690.0
dist_cluster_35_N30_M300,100,0.9,0.05,31609,31637.666667
dist_cluster_35_N30_M300,100,0.9,0.1,31652,31680.0
dist_cluster_35_N30_M300,100,0.9,0.2,31609,31665.666667
dist_cluster_35_N30_M300,200,0.7,0.05,31622,31642.0
dist_cluster_35_N30_M300,200,0.7,0.1,31609,31637.666667
dist_cluster_35_N30_M300,200,0.7,0.2,31569,31610.0
dist_cluster_35_N30_M300,200,0.8,0.05,31609,31675.666667
dist_cluster_35_N30_M300,200,0.8,0.1,31609,31637.666667
dist_cluster_35_N30_M300,200,0.8,0.2,31609,31665.666667
dist_cluster_35_N30_M300,200,0.9,0.05,31609,31665.666667
dist_cluster_35_N30_M300,200,0.9,0.1,31609,31609.0
dist_cluster_35_N30_M300,200,0.9,0.2,31652,31680.0
dist_corner_31_N15_M150,100,0.7,0.05,14413,14494.666667
dist_corner_31_N15_M150,100,0.7,0.1,14417,14517.666667
dist_corner_31_N15_M150,100,0.7,0.2,14590,14606.666667
dist_corner_31_N15_M150,100,0.8,0.05,14413,14512.0
dist_corner_31_N15_M150,100,0.8,0.1,14518,14532.333333
dist_corner_31_N15_M150,100,0.8,0.2,14595,14606.333333
dist_corner_31_N15_M150,100,0.9,0.05,14629,14640.333333
dist_corner_31_N15_M150,100,0.9,0.1,14458,14526.666667
dist_corner_31_N15_M150,100,0.9,0.2,14519,14576.0
dist_corner_31_N15_M150,200,0.7,0.05,14417,14463.0
dist_corner_31_N15_M150,200,0.7,0.1,14458,14541.666667
dist_corner_31_N15_M150,200,0.7,0.2,14554,14588.666667
dist_corner_31_N15_M150,200,0.8,0.05,14413,14473.333333
dist_corner_31_N15_M150,200,0.8,0.1,14502,14507.0
dist_corner_31_N15_M150,200,0.8,0.2,14593,14660.666667
dist_corner_31_N15_M150,200,0.9,0.05,14417,14450.666667
dist_corner_31_N15_M150,200,0.9,0.1,14509,14509.333333
dist_corner_31_N15_M150,200,0.9,0.2,14649,14661.333333
dist_diagonal_38_N30_M300,100,0.7,0.05,37583,37927.666667
dist_diagonal_38_N30_M300,100,0.7,0.1,37656,37717.0
dist_diagonal_38_N30_M300,100,0.7,0.2,38052,38386.666667
dist_diagonal_38_N30_M300,100,0.8,0.05,37554,37725.333333
dist_diagonal_38_N30_M300,100,0.8,0.1,37535,37667.333333
dist_diagonal_38_N30_M300,100,0.8,0.2,37920,37967.333333
dist_diagonal_38_N30_M300,100,0.9,0.05,37613,37755.666667
dist_diagonal_38_N30_M300,100,0.9,0.1,37577,37771.333333
dist_diagonal_38_N30_M300,100,0.9,0.2,37827,37894.666667
dist_diagonal_38_N30_M300,200,0.7,0.05,37656,37791.666667
dist_diagonal_38_N30_M300,200,0.7,0.1,37554,37735.0
dist_diagonal_38_N30_M300,200,0.7,0.2,37719,37948.333333
dist_diagonal_38_N30_M300,200,0.8,0.05,37418,37687.333333
dist_diagonal_38_N30_M300,200,0.8,0.1,37782,37812.0
dist_diagonal_38_N30_M300,200,0.8,0.2,37827,37865.0
dist_diagonal_38_N30_M300,200,0.9,0.05,37404,37573.666667
dist_diagonal_38_N30_M300,200,0.9,0.1,37542,37696.666667
dist_diagonal_38_N30_M300,200,0.9,0.2,37827,37838.333333
edge_N1_24_N1_M500,100,0.7,0.05,139285,140684.0
edge_N1_24_N1_M500,100,0.7,0.1,144555,147200.666667
edge_N1_24_N1_M500,100,0.7,0.2,151416,152735.0
edge_N1_24_N1_M500,100,0.8,0.05,135406,139276.333333
edge_N1_24_N1_M500,100,0.8,0.1,144982,146231.333333
edge_N1_24_N1_M500,100,0.8,0.2,151761,152649.0
edge_N1_24_N1_M500,100,0.9,0.05,133705,135898.333333
edge_N1_24_N1_M500,100,0.9,0.1,146487,147842.0
edge_N1_24_N1_M500,100,0.9,0.2,152553,153364.0
edge_N1_24_N1_M500,200,0.7,0.05,138916,139658.0
edge_N1_24_N1_M500,200,0.7,0.1,145984,146793.333333
edge_N1_24_N1_M500,200,0.7,0.2,153213,153626.333333
edge_N1_24_N1_M500,200,0.8,0.05,135033,138366.666667
edge_N1_24_N1_M500,200,0.8,0.1,146259,148010.0
edge_N1_24_N1_M500,200,0.8,0.2,152077,152848.333333
edge_N1_24_N1_M500,200,0.9,0.05,136337,137588.666667
edge_N1_24_N1_M500,200,0.9,0.1,145459,147414.333333
edge_N1_24_N1_M500,200,0.9,0.2,153194,153700.0
edge_dense_30_N50_M1000,100,0.7,0.05,672,672.0
edge_dense_30_N50_M1000,100,0.7,0.1,672,672.0
edge_dense_30_N50_M1000,100,0.7,0.2,672,672.0
edge_dense_30_N50_M1000,100,0.8,0.05,672,672.0
edge_dense_30_N50_M1000,100,0.8,0.1,672,672.0
edge_dense_30_N50_M1000,100,0.8,0.2,672,672.0
edge_dense_30_N50_M1000,100,0.9,0.05,672,672.0
edge_dense_30_N50_M1000,100,0.9,0.1,672,672.0
edge_dense_30_N50_M1000,100,0.9,0.2,672,672.0
edge_dense_30_N50_M1000,200,0.7,0.05,672,672.0
edge_dense_30_N50_M1000,200,0.7,0.1,672,672.0
edge_dense_30_N50_M1000,200,0.7,0.2,672,672.0
edge_dense_30_N50_M1000,200,0.8,0.05,672,672.0
edge_dense_30_N50_M1000,200,0.8,0.1,672,672.0
edge_dense_30_N50_M1000,200,0.8,0.2,672,672.0
edge_dense_30_N50_M1000,200,0.9,0.05,672,672.0
edge_dense_30_N50_M1000,200,0.9,0.1,672,672.0
edge_dense_30_N50_M1000,200,0.9,0.2,672,672.0
edge_infeas_26_N30_M200,100,0.7,0.05,-1,-1
edge_infeas_26_N30_M200,100,0.7,0.1,-1,-1
edge_infeas_26_N30_M200,100,0.7,0.2,-1,-1
edge_infeas_26_N30_M200,100,0.8,0.05,-1,-1
edge_infeas_26_N30_M200,100,0.8,0.1,-1,-1
edge_infeas_26_N30_M200,100,0.8,0.2,-1,-1
edge_infeas_26_N30_M200,100,0.9,0.05,-1,-1
edge_infeas_26_N30_M200,100,0.9,0.1,-1,-1
edge_infeas_26_N30_M200,100,0.9,0.2,-1,-1
edge_infeas_26_N30_M200,200,0.7,0.05,-1,-1
edge_infeas_26_N30_M200,200,0.7,0.1,-1,-1
edge_infeas_26_N30_M200,200,0.7,0.2,-1,-1
edge_infeas_26_N30_M200,200,0.8,0.05,-1,-1
edge_infeas_26_N30_M200,200,0.8,0.1,-1,-1
edge_infeas_26_N30_M200,200,0.8,0.2,-1,-1
edge_infeas_26_N30_M200,200,0.9,0.05,-1,-1
edge_infeas_26_N30_M200,200,0.9,0.1,-1,-1
edge_infeas_26_N30_M200,200,0.9,0.2,-1,-1
edge_sparse_27_N40_M800,100,0.7,0.05,320500,326012.0
edge_sparse_27_N40_M800,100,0.7,0.1,334386,336252.333333
edge_sparse_27_N40_M800,100,0.7,0.2,341768,342897.0
edge_sparse_27_N40_M800,100,0.8,0.05,325818,329450.666667
edge_sparse_27_N40_M800,100,0.8,0.1,333367,336017.0
edge_sparse_27_N40_M800,100,0.8,0.2,344849,345459.0
edge_sparse_27_N40_M800,100,0.9,0.05,324319,328555.0
edge_sparse_27_N40_M800,100,0.9,0.1,332843,335174.666667
edge_sparse_27_N40_M800,100,0.9,0.2,340951,343536.666667
edge_sparse_27_N40_M800,200,0.7,0.05,325848,327708.666667
edge_sparse_27_N40_M800,200,0.7,0.1,338628,340472.333333
edge_sparse_27_N40_M800,200,0.7,0.2,343414,344724.666667
edge_sparse_27_N40_M800,200,0.8,0.05,326844,330817.0
edge_sparse_27_N40_M800,200,0.8,0.1,336573,339734.0
edge_sparse_27_N40_M800,200,0.8,0.2,344491,345792.0
edge_sparse_27_N40_M800,200,0.9,0.05,324604,325013.666667
edge_sparse_27_N40_M800,200,0.9,0.1,334458,338970.333333
edge_sparse_27_N40_M800,200,0.9,0.2,344470,345242.0
large_19_N40_M800,100,0.7,0.05,318966,320163.0
large_19_N40_M800,100,0.7,0.1,327705,328093.0
large_19_N40_M800,100,0.7,0.2,330812,331581.666667
large_19_N40_M800,100,0.8,0.05,316667,318775.0
large_19_N40_M800,100,0.8,0.1,323085,325206.0
large_19_N40_M800,100,0.8,0.2,330667,331500.0
large_19_N40_M800,100,0.9,0.05,313653,316501.0
large_19_N40_M800,100,0.9,0.1,325635,326375.333333
large_19_N40_M800,100,0.9,0.2,327551,330597.333333
large_19_N40_M800,200,0.7,0.05,323165,324942.666667
large_19_N40_M800,200,0.7,0.1,328619,330355.666667
large_19_N40_M800,200,0.7,0.2,332195,333476.333333
large_19_N40_M800,200,0.8,0.05,323878,325977.333333
large_19_N40_M800,200,0.8,0.1,330846,331356.333333
large_19_N40_M800,200,0.8,0.2,332378,333644.333333
large_19_N40_M800,200,0.9,0.05,324850,327487.666667
large_19_N40_M800,200,0.9,0.1,331561,332365.0
large_19_N40_M800,200,0.9,0.2,334819,335698.666667
large_21_N50_M1000,100,0.7,0.05,474918,475399.0
large_21_N50_M1000,100,0.7,0.1,477869,479557.0
large_21_N50_M1000,100,0.7,0.2,480406,480696.666667
large_21_N50_M1000,100,0.8,0.05,474905,477709.0
large_21_N50_M1000,100,0.8,0.1,476810,477681.0
large_21_N50_M1000,100,0.8,0.2,481015,482117.0
large_21_N50_M1000,100,0.9,0.05,475301,476710.0
large_21_N50_M1000,100,0.9,0.1,479430,480944.0
large_21_N50_M1000,100,0.9,0.2,476753,480398.333333
large_21_N50_M1000,200,0.7,0.05,479317,479777.666667
large_21_N50_M1000,200,0.7,0.1,477457,480371.666667
large_21_N50_M1000,200,0.7,0.2,480423,481367.333333
large_21_N50_M1000,200,0.8,0.05,478187,479910.666667
large_21_N50_M1000,200,0.8,0.1,480349,480916.333333
large_21_N50_M1000,200,0.8,0.2,480760,482893.666667
large_21_N50_M1000,200,0.9,0.05,479196,480258.333333
large_21_N50_M1000,200,0.9,0.1,479861,480318.333333
large_21_N50_M1000,200,0.9,0.2,479913,480841.0
large_22_N50_M1000,100,0.7,0.05,469831,473583.0
large_22_N50_M1000,100,0.7,0.1,477562,478255.333333
large_22_N50_M1000,100,0.7,0.2,477498,479990.333333
large_22_N50_M1000,100,0.8,0.05,469427,473756.333333
large_22_N50_M1000,100,0.8,0.1,475051,476190.333333
large_22_N50_M1000,100,0.8,0.2,472621,477108.0
large_22_N50_M1000,100,0.9,0.05,470095,471899.666667
large_22_N50_M1000,100,0.9,0.1,470096,476085.0
large_22_N50_M1000,100,0.9,0.2,472806,477210.666667
large_22_N50_M1000,200,0.7,0.05,476505,477313.0
large_22_N50_M1000,200,0.7,0.1,475299,478593.333333
large_22_N50_M1000,200,0.7,0.2,477956,480120.666667
large_22_N50_M1000,200,0.8,0.05,477941,479353.0
large_22_N50_M1000,200,0.8,0.1,479092,479645.0
large_22_N50_M1000,200,0.8,0.2,476306,479030.333333
large_22_N50_M1000,200,0.9,0.05,471337,472950.0
large_22_N50_M1000,200,0.9,0.1,474141,477688.333333
large_22_N50_M1000,200,0.9,0.2,478545,480709.333333
medium_14_N30_M250,100,0.7,0.05,63477,63489.0
medium_14_N30_M250,100,0.7,0.1,63477,63489.0
medium_14_N30_M250,100,0.7,0.2,63477,63501.0
medium_14_N30_M250,100,0.8,0.05,63477,63501.0
medium_14_N30_M250,100,0.8,0.1,63477,63501.0
medium_14_N30_M250,100,0.8,0.2,63477,63489.0
medium_14_N30_M250,100,0.9,0.05,63513,63513.0
medium_14_N30_M250,100,0.9,0.1,63513,63513.0
medium_14_N30_M250,100,0.9,0.2,63477,63501.0
medium_14_N30_M250,200,0.7,0.05,63477,63501.0
medium_14_N30_M250,200,0.7,0.1,63477,63489.0
medium_14_N30_M250,200,0.7,0.2,63477,63501.0
medium_14_N30_M250,200,0.8,0.05,63477,63489.0
medium_14_N30_M250,200,0.8,0.1,63513,63513.0
medium_14_N30_M250,200,0.8,0.2,63477,63501.0
medium_14_N30_M250,200,0.9,0.05,63477,63501.0
medium_14_N30_M250,200,0.9,0.1,63477,63489.0
medium_14_N30_M250,200,0.9,0.2,63477,63501.0
medium_15_N30_M300,100,0.7,0.05,65019,65611.0
medium_15_N30_M300,100,0.7,0.1,67785,68209.0
medium_15_N30_M300,100,0.7,0.2,70874,71505.666667
medium_15_N30_M300,100,0.8,0.05,64736,65894.0
medium_15_N30_M300,100,0.8,0.1,68061,69001.0
medium_15_N30_M300,100,0.8,0.2,69602,70964.0
medium_15_N30_M300,100,0.9,0.05,65116,65933.333333
medium_15_N30_M300,100,0.9,0.1,67388,67901.333333
medium_15_N30_M300,100,0.9,0.2,70879,71876.666667
medium_15_N30_M300,200,0.7,0.05,64380,65032.333333
medium_15_N30_M300,200,0.7,0.1,67155,67562.333333
medium_15_N30_M300,200,0.7,0.2,71303,72084.0
medium_15_N30_M300,200,0.8,0.05,64093,65785.0
medium_15_N30_M300,200,0.8,0.1,68014,68240.666667
medium_15_N30_M300,200,0.8,0.2,70681,71122.0
medium_15_N30_M300,200,0.9,0.05,63599,64069.0
medium_15_N30_M300,200,0.9,0.1,68037,68191.666667
medium_15_N30_M300,200,0.9,0.2,71484,72001.0
medium_17_N35_M400,100,0.7,0.05,117126,117351.666667
medium_17_N35_M400,100,0.7,0.1,118068,118596.0
medium_17_N35_M400,100,0.7,0.2,120594,120805.333333
medium_17_N35_M400,100,0.8,0.05,117532,117973.666667
medium_17_N35_M400,100,0.8,0.1,117161,118235.666667
medium_17_N35_M400,100,0.8,0.2,119802,120217.333333
medium_17_N35_M400,100,0.9,0.05,116406,117035.666667
medium_17_N35_M400,100,0.9,0.1,117878,118716.666667
medium_17_N35_M400,100,0.9,0.2,119392,120029.666667
medium_17_N35_M400,200,0.7,0.05,116046,117760.666667
medium_17_N35_M400,200,0.7,0.1,118134,118810.333333
medium_17_N35_M400,200,0.7,0.2,120038,120776.666667
medium_17_N35_M400,200,0.8,0.05,116610,117361.0
medium_17_N35_M400,200,0.8,0.1,117810,118208.0
medium_17_N35_M400,200,0.8,0.2,119833,120750.333333
medium_17_N35_M400,200,0.9,0.05,115247,116374.0
medium_17_N35_M400,200,0.9,0.1,115853,117187.666667
medium_17_N35_M400,200,0.9,0.2,118322,118561.0
