testcase,pop_size,crossover_rate,mutation_rate,k,cost
dist_cluster_35_N30_M300,100,0.7,0.05,2,31622
dist_cluster_35_N30_M300,100,0.7,0.1,2,31652
dist_cluster_35_N30_M300,100,0.7,0.05,1,31554
dist_cluster_35_N30_M300,100,0.7,0.1,0,31609
dist_cluster_35_N30_M300,100,0.8,0.05,0,31652
dist_cluster_35_N30_M300,100,0.8,0.1,0,31652
dist_cluster_35_N30_M300,100,0.8,0.05,1,31622
dist_cluster_35_N30_M300,100,0.7,0.2,2,31652
dist_cluster_35_N30_M300,100,0.8,0.1,1,31609
dist_cluster_35_N30_M300,100,0.8,0.05,2,31609
dist_cluster_35_N30_M300,100,0.7,0.05,0,31652
dist_cluster_35_N30_M300,100,0.7,0.1,1,31736
dist_cluster_35_N30_M300,100,0.7,0.2,0,31652
dist_cluster_35_N30_M300,100,0.7,0.2,1,31736
dist_cluster_35_N30_M300,100,0.8,0.1,2,31652
dist_cluster_35_N30_M300,100,0.8,0.2,1,31736
dist_cluster_35_N30_M300,100,0.8,0.2,0,31652
dist_cluster_35_N30_M300,100,0.8,0.2,2,31682
dist_cluster_35_N30_M300,100,0.9,0.05,1,31652
dist_cluster_35_N30_M300,100,0.9,0.05,0,31652
dist_cluster_35_N30_M300,100,0.9,0.05,2,31609
dist_cluster_35_N30_M300,100,0.9,0.2,0,31609
dist_cluster_35_N30_M300,100,0.9,0.1,2,31652
dist_cluster_35_N30_M300,100,0.9,0.1,1,31736
dist_cluster_35_N30_M300,100,0.9,0.1,0,31652
dist_cluster_35_N30_M300,100,0.9,0.2,1,31736
dist_cluster_35_N30_M300,100,0.9,0.2,2,31652
dist_cluster_35_N30_M300,200,0.7,0.05,0,31622
dist_cluster_35_N30_M300,200,0.7,0.1,1,31652
dist_cluster_35_N30_M300,200,0.7,0.2,0,31652
dist_cluster_35_N30_M300,200,0.7,0.05,2,31652
dist_cluster_35_N30_M300,200,0.7,0.1,0,31652
dist_cluster_35_N30_M300,200,0.7,0.1,2,31609
dist_cluster_35_N30_M300,200,0.8,0.05,1,31736
dist_cluster_35_N30_M300,200,0.8,0.05,0,31682
dist_cluster_35_N30_M300,200,0.7,0.05,1,31652
dist_cluster_35_N30_M300,200,0.8,0.1,0,31652
dist_cluster_35_N30_M300,200,0.7,0.2,1,31569
dist_cluster_35_N30_M300,200,0.8,0.05,2,31609
dist_cluster_35_N30_M300,200,0.7,0.2,2,31609
dist_cluster_35_N30_M300,200,0.8,0.1,2,31652
dist_cluster_35_N30_M300,200,0.8,0.1,1,31609
dist_cluster_35_N30_M300,200,0.8,0.2,0,31652
dist_cluster_35_N30_M300,200,0.8,0.2,1,31736
dist_cluster_35_N30_M300,200,0.9,0.1,0,31609
dist_cluster_35_N30_M300,200,0.9,0.05,2,31609
dist_cluster_35_N30_M300,200,0.9,0.1,1,31609
dist_cluster_35_N30_M300,200,0.9,0.2,1,31736
dist_cluster_35_N30_M300,200,0.9,0.2,0,31652
dist_cluster_35_N30_M300,200,0.8,0.2,2,31609
dist_cluster_35_N30_M300,200,0.9,0.2,2,31652
dist_cluster_35_N30_M300,200,0.9,0.1,2,31609
dist_cluster_35_N30_M300,200,0.9,0.05,0,31652
dist_corner_31_N15_M150,100,0.7,0.05,0,14480
dist_corner_31_N15_M150,100,0.7,0.05,1,14591
dist_cluster_35_N30_M300,200,0.9,0.05,1,31736
dist_corner_31_N15_M150,100,0.7,0.05,2,14413
dist_corner_31_N15_M150,100,0.7,0.1,0,14509
dist_corner_31_N15_M150,100,0.7,0.1,2,14627
dist_corner_31_N15_M150,100,0.7,0.1,1,14417
dist_corner_31_N15_M150,100,0.7,0.2,0,14612
dist_corner_31_N15_M150,100,0.7,0.2,1,14618
dist_corner_31_N15_M150,100,0.7,0.2,2,14590
dist_corner_31_N15_M150,100,0.8,0.05,0,14543
dist_corner_31_N15_M150,100,0.8,0.05,1,14580
dist_corner_31_N15_M150,100,0.8,0.1,1,14518
dist_corner_31_N15_M150,100,0.8,0.1,0,14540
dist_corner_31_N15_M150,100,0.8,0.05,2,14413
dist_corner_31_N15_M150,100,0.8,0.1,2,14539
dist_corner_31_N15_M150,100,0.8,0.2,0,14600
dist_corner_31_N15_M150,100,0.8,0.2,1,14595
dist_corner_31_N15_M150,100,0.8,0.2,2,14624
dist_corner_31_N15_M150,100,0.9,0.05,0,14629
dist_corner_31_N15_M150,100,0.9,0.05,1,14649
dist_corner_31_N15_M150,100,0.9,0.05,2,14643
dist_corner_31_N15_M150,100,0.9,0.1,0,14510
dist_corner_31_N15_M150,100,0.9,0.1,2,14458
dist_corner_31_N15_M150,100,0.9,0.1,1,14612
dist_corner_31_N15_M150,100,0.9,0.2,0,14600
dist_corner_31_N15_M150,100,0.9,0.2,1,14519
dist_corner_31_N15_M150,100,0.9,0.2,2,14609
dist_corner_31_N15_M150,200,0.7,0.05,0,14417
dist_corner_31_N15_M150,200,0.7,0.05,1,14480
dist_corner_31_N15_M150,200,0.7,0.05,2,14492
dist_corner_31_N15_M150,200,0.7,0.1,0,14665
dist_corner_31_N15_M150,200,0.7,0.1,1,14458
dist_corner_31_N15_M150,200,0.7,0.1,2,14502
dist_corner_31_N15_M150,200,0.7,0.2,0,14611
dist_corner_31_N15_M150,200,0.7,0.2,1,14601
dist_corner_31_N15_M150,200,0.7,0.2,2,14554
dist_corner_31_N15_M150,200,0.8,0.05,0,14413
dist_corner_31_N15_M150,200,0.8,0.05,1,14527
dist_corner_31_N15_M150,200,0.8,0.1,1,14502
dist_corner_31_N15_M150,200,0.8,0.05,2,14480
dist_corner_31_N15_M150,200,0.8,0.1,0,14509
dist_corner_31_N15_M150,200,0.8,0.1,2,14510
dist_corner_31_N15_M150,200,0.8,0.2,1,14711
dist_corner_31_N15_M150,200,0.8,0.2,0,14593
dist_corner_31_N15_M150,200,0.8,0.2,2,14678
dist_corner_31_N15_M150,200,0.9,0.05,1,14426
dist_corner_31_N15_M150,200,0.9,0.05,0,14509
dist_corner_31_N15_M150,200,0.9,0.05,2,14417
dist_corner_31_N15_M150,200,0.9,0.1,0,14509
dist_corner_31_N15_M150,200,0.9,0.1,1,14509
dist_corner_31_N15_M150,200,0.9,0.1,2,14510
dist_corner_31_N15_M150,200,0.9,0.2,2,14649
dist_corner_31_N15_M150,200,0.9,0.2,0,14652
dist_diagonal_38_N30_M300,100,0.7,0.05,1,37583
dist_corner_31_N15_M150,200,0.9,0.2,1,14683
dist_diagonal_38_N30_M300,100,0.7,0.05,2,37827
dist_diagonal_38_N30_M300,100,0.7,0.1,0,37656
dist_diagonal_38_N30_M300,100,0.7,0.05,0,38373
dist_diagonal_38_N30_M300,100,0.7,0.1,2,37668
dist_diagonal_38_N30_M300,100,0.7,0.1,1,37827
dist_diagonal_38_N30_M300,100,0.7,0.2,0,38688
dist_diagonal_38_N30_M300,100,0.7,0.2,1,38420
dist_diagonal_38_N30_M300,100,0.8,0.05,0,37554
dist_diagonal_38_N30_M300,100,0.8,0.05,1,37611
dist_diagonal_38_N30_M300,100,0.8,0.1,1,37640
dist_diagonal_38_N30_M300,100,0.7,0.2,2,38052
dist_diagonal_38_N30_M300,100,0.8,0.1,0,37535
dist_diagonal_38_N30_M300,100,0.8,0.1,2,37827
dist_diagonal_38_N30_M300,100,0.8,0.05,2,38011
dist_diagonal_38_N30_M300,100,0.8,0.2,2,38021
dist_diagonal_38_N30_M300,100,0.8,0.2,0,37961
dist_diagonal_38_N30_M300,100,0.8,0.2,1,37920
dist_diagonal_38_N30_M300,100,0.9,0.05,0,37613
dist_diagonal_38_N30_M300,100,0.9,0.05,1,37827
dist_diagonal_38_N30_M300,100,0.9,0.05,2,37827
dist_diagonal_38_N30_M300,100,0.9,0.1,0,37577
dist_diagonal_38_N30_M300,100,0.9,0.1,2,37910
dist_diagonal_38_N30_M300,100,0.9,0.1,1,37827
dist_diagonal_38_N30_M300,100,0.9,0.2,1,37827
dist_diagonal_38_N30_M300,100,0.9,0.2,0,37923
dist_diagonal_38_N30_M300,100,0.9,0.2,2,37934
dist_diagonal_38_N30_M300,200,0.7,0.05,1,37656
dist_diagonal_38_N30_M300,200,0.7,0.05,0,37827
dist_diagonal_38_N30_M300,200,0.7,0.05,2,37892
dist_diagonal_38_N30_M300,200,0.7,0.1,0,37554
dist_diagonal_38_N30_M300,200,0.7,0.1,1,37827
dist_diagonal_38_N30_M300,200,0.7,0.1,2,37824
dist_diagonal_38_N30_M300,200,0.7,0.2,0,38299
dist_diagonal_38_N30_M300,200,0.7,0.2,1,37827
dist_diagonal_38_N30_M300,200,0.7,0.2,2,37719
dist_diagonal_38_N30_M300,200,0.8,0.05,0,37502
dist_diagonal_38_N30_M300,200,0.8,0.05,1,38142
dist_diagonal_38_N30_M300,200,0.8,0.1,0,37827
dist_diagonal_38_N30_M300,200,0.8,0.05,2,37418
dist_diagonal_38_N30_M300,200,0.8,0.2,0,37856
dist_diagonal_38_N30_M300,200,0.8,0.2,1,37827
dist_diagonal_38_N30_M300,200,0.8,0.1,1,37827
dist_diagonal_38_N30_M300,200,0.8,0.2,2,37912
dist_diagonal_38_N30_M300,200,0.8,0.1,2,37782
dist_diagonal_38_N30_M300,200,0.9,0.05,0,37785
dist_diagonal_38_N30_M300,200,0.9,0.1,0,37721
dist_diagonal_38_N30_M300,200,0.9,0.1,2,37827
dist_diagonal_38_N30_M300,200,0.9,0.05,2,37532
dist_diagonal_38_N30_M300,200,0.9,0.1,1,37542
dist_diagonal_38_N30_M300,200,0.9,0.05,1,37404
dist_diagonal_38_N30_M300,200,0.9,0.2,0,37827
dist_diagonal_38_N30_M300,200,0.9,0.2,1,37827
dist_diagonal_38_N30_M300,200,0.9,0.2,2,37861
edge_N1_24_N1_M500,100,0.7,0.05,0,139393
edge_N1_24_N1_M500,100,0.7,0.05,1,139285
edge_N1_24_N1_M500,100,0.7,0.05,2,143374
edge_N1_24_N1_M500,100,0.7,0.1,1,144555
edge_N1_24_N1_M500,100,0.7,0.1,0,148598
edge_N1_24_N1_M500,100,0.7,0.1,2,148449
edge_N1_24_N1_M500,100,0.7,0.2,2,153045
edge_N1_24_N1_M500,100,0.7,0.2,0,153744
edge_N1_24_N1_M500,100,0.7,0.2,1,151416
edge_N1_24_N1_M500,100,0.8,0.05,1,135406
edge_N1_24_N1_M500,100,0.8,0.1,0,144982
edge_N1_24_N1_M500,100,0.8,0.05,2,142092
edge_N1_24_N1_M500,100,0.8,0.05,0,140331
edge_N1_24_N1_M500,100,0.8,0.1,1,148114
edge_N1_24_N1_M500,100,0.8,0.1,2,145598
edge_N1_24_N1_M500,100,0.8,0.2,0,151761
edge_N1_24_N1_M500,100,0.8,0.2,1,153576
edge_N1_24_N1_M500,100,0.8,0.2,2,152610
edge_N1_24_N1_M500,100,0.9,0.05,0,136592
edge_N1_24_N1_M500,100,0.9,0.05,1,137398
edge_N1_24_N1_M500,100,0.9,0.1,0,146487
edge_N1_24_N1_M500,100,0.9,0.05,2,133705
edge_N1_24_N1_M500,100,0.9,0.2,1,154475
edge_N1_24_N1_M500,100,0.9,0.1,1,150168
edge_N1_24_N1_M500,100,0.9,0.2,0,153064
edge_N1_24_N1_M500,100,0.9,0.1,2,146871
edge_N1_24_N1_M500,100,0.9,0.2,2,152553
edge_N1_24_N1_M500,200,0.7,0.05,0,140127
edge_N1_24_N1_M500,200,0.7,0.05,1,138916
edge_N1_24_N1_M500,200,0.7,0.1,1,147883
edge_N1_24_N1_M500,200,0.7,0.1,2,146513
edge_N1_24_N1_M500,200,0.7,0.05,2,139931
edge_N1_24_N1_M500,200,0.7,0.2,0,153213
edge_N1_24_N1_M500,200,0.7,0.1,0,145984
edge_N1_24_N1_M500,200,0.7,0.2,1,153568
edge_N1_24_N1_M500,200,0.7,0.2,2,154098
edge_N1_24_N1_M500,200,0.8,0.05,0,140522
edge_N1_24_N1_M500,200,0.8,0.05,1,139545
edge_N1_24_N1_M500,200,0.8,0.05,2,135033
edge_N1_24_N1_M500,200,0.8,0.1,1,146259
edge_N1_24_N1_M500,200,0.8,0.1,0,149103
edge_N1_24_N1_M500,200,0.8,0.1,2,148668
edge_N1_24_N1_M500,200,0.8,0.2,2,153291
edge_N1_24_N1_M500,200,0.8,0.2,0,152077
edge_N1_24_N1_M500,200,0.8,0.2,1,153177
edge_N1_24_N1_M500,200,0.9,0.05,0,137547
edge_N1_24_N1_M500,200,0.9,0.05,2,138882
edge_N1_24_N1_M500,200,0.9,0.05,1,136337
edge_N1_24_N1_M500,200,0.9,0.1,1,149087
edge_N1_24_N1_M500,200,0.9,0.1,2,145459
edge_N1_24_N1_M500,200,0.9,0.1,0,147697
edge_N1_24_N1_M500,200,0.9,0.2,0,154460
edge_N1_24_N1_M500,200,0.9,0.2,1,153194
edge_N1_24_N1_M500,200,0.9,0.2,2,153446
edge_dense_30_N50_M1000,100,0.7,0.05,0,672
edge_dense_30_N50_M1000,100,0.7,0.05,1,672
edge_dense_30_N50_M1000,100,0.7,0.05,2,672
edge_dense_30_N50_M1000,100,0.7,0.1,0,672
edge_dense_30_N50_M1000,100,0.7,0.1,1,672
edge_dense_30_N50_M1000,100,0.7,0.1,2,672
edge_dense_30_N50_M1000,100,0.7,0.2,0,672
edge_dense_30_N50_M1000,100,0.7,0.2,1,672
edge_dense_30_N50_M1000,100,0.7,0.2,2,672
edge_dense_30_N50_M1000,100,0.8,0.05,0,672
edge_dense_30_N50_M1000,100,0.8,0.05,1,672
edge_dense_30_N50_M1000,100,0.8,0.05,2,672
edge_dense_30_N50_M1000,100,0.8,0.1,0,672
edge_dense_30_N50_M1000,100,0.8,0.1,1,672
edge_dense_30_N50_M1000,100,0.8,0.1,2,672
edge_dense_30_N50_M1000,100,0.8,0.2,0,672
edge_dense_30_N50_M1000,100,0.8,0.2,1,672
edge_dense_30_N50_M1000,100,0.8,0.2,2,672
edge_dense_30_N50_M1000,100,0.9,0.05,0,672
edge_dense_30_N50_M1000,100,0.9,0.05,1,672
edge_dense_30_N50_M1000,100,0.9,0.05,2,672
edge_dense_30_N50_M1000,100,0.9,0.1,0,672
edge_dense_30_N50_M1000,100,0.9,0.1,1,672
edge_dense_30_N50_M1000,100,0.9,0.1,2,672
edge_dense_30_N50_M1000,100,0.9,0.2,0,672
edge_dense_30_N50_M1000,100,0.9,0.2,1,672
edge_dense_30_N50_M1000,100,0.9,0.2,2,672
edge_dense_30_N50_M1000,200,0.7,0.05,0,672
edge_dense_30_N50_M1000,200,0.7,0.05,1,672
edge_dense_30_N50_M1000,200,0.7,0.05,2,672
edge_dense_30_N50_M1000,200,0.7,0.1,0,672
edge_dense_30_N50_M1000,200,0.7,0.1,1,672
edge_dense_30_N50_M1000,200,0.7,0.1,2,672
edge_dense_30_N50_M1000,200,0.7,0.2,0,672
edge_dense_30_N50_M1000,200,0.7,0.2,1,672
edge_dense_30_N50_M1000,200,0.7,0.2,2,672
edge_dense_30_N50_M1000,200,0.8,0.05,0,672
edge_dense_30_N50_M1000,200,0.8,0.05,1,672
edge_dense_30_N50_M1000,200,0.8,0.05,2,672
edge_dense_30_N50_M1000,200,0.8,0.1,0,672
edge_dense_30_N50_M1000,200,0.8,0.1,1,672
edge_infeas_26_N30_M200,100,0.7,0.05,0,-1
edge_infeas_26_N30_M200,100,0.7,0.05,1,-1
edge_infeas_26_N30_M200,100,0.7,0.05,2,-1
edge_infeas_26_N30_M200,100,0.7,0.1,0,-1
edge_infeas_26_N30_M200,100,0.7,0.1,1,-1
edge_infeas_26_N30_M200,100,0.7,0.1,2,-1
edge_infeas_26_N30_M200,100,0.7,0.2,0,-1
edge_infeas_26_N30_M200,100,0.7,0.2,1,-1
edge_infeas_26_N30_M200,100,0.7,0.2,2,-1
edge_infeas_26_N30_M200,100,0.8,0.05,0,-1
edge_infeas_26_N30_M200,100,0.8,0.05,1,-1
edge_infeas_26_N30_M200,100,0.8,0.05,2,-1
edge_infeas_26_N30_M200,100,0.8,0.1,0,-1
edge_infeas_26_N30_M200,100,0.8,0.1,1,-1
edge_infeas_26_N30_M200,100,0.8,0.1,2,-1
edge_infeas_26_N30_M200,100,0.8,0.2,0,-1
edge_infeas_26_N30_M200,100,0.8,0.2,1,-1
edge_infeas_26_N30_M200,100,0.8,0.2,2,-1
edge_infeas_26_N30_M200,100,0.9,0.05,0,-1
edge_infeas_26_N30_M200,100,0.9,0.05,1,-1
edge_infeas_26_N30_M200,100,0.9,0.05,2,-1
edge_infeas_26_N30_M200,100,0.9,0.1,0,-1
edge_infeas_26_N30_M200,100,0.9,0.1,1,-1
edge_infeas_26_N30_M200,100,0.9,0.1,2,-1
edge_infeas_26_N30_M200,100,0.9,0.2,0,-1
edge_infeas_26_N30_M200,100,0.9,0.2,1,-1
edge_infeas_26_N30_M200,100,0.9,0.2,2,-1
edge_infeas_26_N30_M200,200,0.7,0.05,0,-1
edge_infeas_26_N30_M200,200,0.7,0.05,1,-1
edge_infeas_26_N30_M200,200,0.7,0.05,2,-1
edge_dense_30_N50_M1000,200,0.8,0.1,2,672
edge_infeas_26_N30_M200,200,0.7,0.1,0,-1
edge_infeas_26_N30_M200,200,0.7,0.1,2,-1
edge_infeas_26_N30_M200,200,0.7,0.1,1,-1
edge_infeas_26_N30_M200,200,0.7,0.2,0,-1
edge_infeas_26_N30_M200,200,0.7,0.2,1,-1
edge_infeas_26_N30_M200,200,0.7,0.2,2,-1
edge_infeas_26_N30_M200,200,0.8,0.05,0,-1
edge_infeas_26_N30_M200,200,0.8,0.05,1,-1
edge_infeas_26_N30_M200,200,0.8,0.05,2,-1
edge_infeas_26_N30_M200,200,0.8,0.1,0,-1
edge_infeas_26_N30_M200,200,0.8,0.1,1,-1
edge_infeas_26_N30_M200,200,0.8,0.1,2,-1
edge_infeas_26_N30_M200,200,0.8,0.2,0,-1
edge_infeas_26_N30_M200,200,0.8,0.2,1,-1
edge_infeas_26_N30_M200,200,0.8,0.2,2,-1
edge_infeas_26_N30_M200,200,0.9,0.05,0,-1
edge_infeas_26_N30_M200,200,0.9,0.05,1,-1
edge_infeas_26_N30_M200,200,0.9,0.05,2,-1
edge_infeas_26_N30_M200,200,0.9,0.1,0,-1
edge_infeas_26_N30_M200,200,0.9,0.1,1,-1
edge_infeas_26_N30_M200,200,0.9,0.1,2,-1
edge_infeas_26_N30_M200,200,0.9,0.2,1,-1
edge_infeas_26_N30_M200,200,0.9,0.2,0,-1
edge_infeas_26_N30_M200,200,0.9,0.2,2,-1
edge_dense_30_N50_M1000,200,0.8,0.2,0,672
edge_dense_30_N50_M1000,200,0.8,0.2,1,672
edge_dense_30_N50_M1000,200,0.8,0.2,2,672
edge_dense_30_N50_M1000,200,0.9,0.05,0,672
edge_dense_30_N50_M1000,200,0.9,0.05,1,672
edge_dense_30_N50_M1000,200,0.9,0.05,2,672
edge_dense_30_N50_M1000,200,0.9,0.1,0,672
edge_dense_30_N50_M1000,200,0.9,0.1,1,672
edge_dense_30_N50_M1000,200,0.9,0.1,2,672
edge_dense_30_N50_M1000,200,0.9,0.2,0,672
edge_dense_30_N50_M1000,200,0.9,0.2,1,672
edge_dense_30_N50_M1000,200,0.9,0.2,2,672
edge_sparse_27_N40_M800,100,0.7,0.05,2,330084
edge_sparse_27_N40_M800,100,0.7,0.05,0,327452
edge_sparse_27_N40_M800,100,0.7,0.05,1,320500
edge_sparse_27_N40_M800,100,0.7,0.1,0,334386
edge_sparse_27_N40_M800,100,0.7,0.1,2,336307
edge_sparse_27_N40_M800,100,0.7,0.1,1,338064
edge_sparse_27_N40_M800,100,0.7,0.2,1,341768
edge_sparse_27_N40_M800,100,0.7,0.2,0,344915
edge_sparse_27_N40_M800,100,0.8,0.05,0,325818
edge_sparse_27_N40_M800,100,0.7,0.2,2,342008
edge_sparse_27_N40_M800,100,0.8,0.1,0,333367
edge_sparse_27_N40_M800,100,0.8,0.1,1,333835
edge_sparse_27_N40_M800,100,0.8,0.05,2,336224
edge_sparse_27_N40_M800,100,0.8,0.05,1,326310
edge_sparse_27_N40_M800,100,0.8,0.1,2,340849
edge_sparse_27_N40_M800,100,0.8,0.2,0,345557
edge_sparse_27_N40_M800,100,0.8,0.2,1,344849
edge_sparse_27_N40_M800,100,0.8,0.2,2,345971
edge_sparse_27_N40_M800,100,0.9,0.05,0,333939
edge_sparse_27_N40_M800,100,0.9,0.05,2,324319
edge_sparse_27_N40_M800,100,0.9,0.05,1,327407
edge_sparse_27_N40_M800,100,0.9,0.1,1,337975
edge_sparse_27_N40_M800,100,0.9,0.1,0,332843
edge_sparse_27_N40_M800,100,0.9,0.1,2,334706
edge_sparse_27_N40_M800,100,0.9,0.2,0,347056
edge_sparse_27_N40_M800,100,0.9,0.2,1,342603
edge_sparse_27_N40_M800,200,0.7,0.05,1,330292
edge_sparse_27_N40_M800,100,0.9,0.2,2,340951
edge_sparse_27_N40_M800,200,0.7,0.1,1,339892
edge_sparse_27_N40_M800,200,0.7,0.05,0,326986
edge_sparse_27_N40_M800,200,0.7,0.05,2,325848
edge_sparse_27_N40_M800,200,0.7,0.1,0,342897
edge_sparse_27_N40_M800,200,0.7,0.2,0,346892
edge_sparse_27_N40_M800,200,0.7,0.2,1,343868
edge_sparse_27_N40_M800,200,0.7,0.1,2,338628
edge_sparse_27_N40_M800,200,0.7,0.2,2,343414
edge_sparse_27_N40_M800,200,0.8,0.05,0,326844
edge_sparse_27_N40_M800,200,0.8,0.05,1,334641
edge_sparse_27_N40_M800,200,0.8,0.05,2,330966
edge_sparse_27_N40_M800,200,0.8,0.1,2,336573
edge_sparse_27_N40_M800,200,0.8,0.2,0,344491
edge_sparse_27_N40_M800,200,0.8,0.2,1,345677
edge_sparse_27_N40_M800,200,0.8,0.1,1,343291
edge_sparse_27_N40_M800,200,0.8,0.1,0,339338
edge_sparse_27_N40_M800,200,0.8,0.2,2,347208
edge_sparse_27_N40_M800,200,0.9,0.05,0,324778
edge_sparse_27_N40_M800,200,0.9,0.05,1,324604
edge_sparse_27_N40_M800,200,0.9,0.1,0,334458
edge_sparse_27_N40_M800,200,0.9,0.05,2,325659
edge_sparse_27_N40_M800,200,0.9,0.1,1,344017
edge_sparse_27_N40_M800,200,0.9,0.1,2,338436
edge_sparse_27_N40_M800,200,0.9,0.2,0,345909
edge_sparse_27_N40_M800,200,0.9,0.2,1,344470
edge_sparse_27_N40_M800,200,0.9,0.2,2,345347
large_19_N40_M800,100,0.7,0.05,0,321775
large_19_N40_M800,100,0.7,0.05,1,319748
large_19_N40_M800,100,0.7,0.05,2,318966
large_19_N40_M800,100,0.7,0.1,0,327705
large_19_N40_M800,100,0.7,0.1,1,328643
large_19_N40_M800,100,0.7,0.1,2,327931
large_19_N40_M800,100,0.7,0.2,0,331149
large_19_N40_M800,100,0.7,0.2,1,332784
large_19_N40_M800,100,0.7,0.2,2,330812
large_19_N40_M800,100,0.8,0.05,0,319577
large_19_N40_M800,100,0.8,0.05,1,316667
large_19_N40_M800,100,0.8,0.05,2,320081
large_19_N40_M800,100,0.8,0.1,0,323085
large_19_N40_M800,100,0.8,0.1,1,328257
large_19_N40_M800,100,0.8,0.1,2,324276
large_19_N40_M800,100,0.8,0.2,0,330667
large_19_N40_M800,100,0.8,0.2,1,332136
large_19_N40_M800,100,0.8,0.2,2,331697
large_19_N40_M800,100,0.9,0.05,0,313653
large_19_N40_M800,100,0.9,0.05,1,319922
large_19_N40_M800,100,0.9,0.05,2,315928
large_19_N40_M800,100,0.9,0.1,1,325635
large_19_N40_M800,100,0.9,0.1,0,326188
large_19_N40_M800,100,0.9,0.1,2,327303
large_19_N40_M800,100,0.9,0.2,0,327551
large_19_N40_M800,100,0.9,0.2,1,329966
large_19_N40_M800,100,0.9,0.2,2,334275
large_19_N40_M800,200,0.7,0.1,1,331517
large_19_N40_M800,200,0.7,0.1,0,330931
large_19_N40_M800,200,0.7,0.05,0,327827
large_19_N40_M800,200,0.7,0.05,1,323836
large_19_N40_M800,200,0.7,0.1,2,328619
large_19_N40_M800,200,0.7,0.05,2,323165
large_19_N40_M800,200,0.7,0.2,0,334807
large_19_N40_M800,200,0.7,0.2,2,333427
large_19_N40_M800,200,0.8,0.05,0,327936
large_19_N40_M800,200,0.8,0.05,1,323878
large_19_N40_M800,200,0.8,0.05,2,326118
large_19_N40_M800,200,0.7,0.2,1,332195
large_19_N40_M800,200,0.8,0.1,0,330846
large_19_N40_M800,200,0.8,0.1,1,330946
large_19_N40_M800,200,0.8,0.1,2,332277
large_19_N40_M800,200,0.8,0.2,0,332378
large_19_N40_M800,200,0.8,0.2,1,334995
large_19_N40_M800,200,0.8,0.2,2,333560
large_19_N40_M800,200,0.9,0.1,0,332381
large_19_N40_M800,200,0.9,0.05,0,327092
large_19_N40_M800,200,0.9,0.1,1,333153
large_19_N40_M800,200,0.9,0.1,2,331561
large_19_N40_M800,200,0.9,0.05,1,324850
large_19_N40_M800,200,0.9,0.05,2,330521
large_19_N40_M800,200,0.9,0.2,0,334819
large_19_N40_M800,200,0.9,0.2,1,336924
large_19_N40_M800,200,0.9,0.2,2,335353
large_21_N50_M1000,100,0.7,0.05,0,475696
large_21_N50_M1000,100,0.7,0.05,1,475583
large_21_N50_M1000,100,0.7,0.05,2,474918
large_21_N50_M1000,100,0.7,0.1,0,481963
large_21_N50_M1000,100,0.7,0.1,1,478839
large_21_N50_M1000,100,0.7,0.1,2,477869
large_21_N50_M1000,100,0.7,0.2,0,481049
large_21_N50_M1000,100,0.7,0.2,1,480406
large_21_N50_M1000,100,0.8,0.05,0,478295
large_21_N50_M1000,100,0.8,0.05,1,474905
large_21_N50_M1000,100,0.8,0.1,0,478272
large_21_N50_M1000,100,0.8,0.05,2,479927
large_21_N50_M1000,100,0.7,0.2,2,480635
large_21_N50_M1000,100,0.8,0.1,1,476810
large_21_N50_M1000,100,0.8,0.2,0,483946
large_21_N50_M1000,100,0.8,0.1,2,477961
large_21_N50_M1000,100,0.8,0.2,1,481015
large_21_N50_M1000,100,0.8,0.2,2,481390
large_21_N50_M1000,100,0.9,0.05,0,475301
large_21_N50_M1000,100,0.9,0.05,1,479508
large_21_N50_M1000,100,0.9,0.05,2,475321
large_21_N50_M1000,100,0.9,0.1,0,479430
large_21_N50_M1000,100,0.9,0.1,1,482248
large_21_N50_M1000,100,0.9,0.1,2,481154
large_21_N50_M1000,100,0.9,0.2,0,481201
large_21_N50_M1000,100,0.9,0.2,1,476753
large_21_N50_M1000,100,0.9,0.2,2,483241
large_21_N50_M1000,200,0.7,0.05,0,479781
large_21_N50_M1000,200,0.7,0.05,1,480235
large_21_N50_M1000,200,0.7,0.05,2,479317
large_21_N50_M1000,200,0.7,0.1,0,481342
large_21_N50_M1000,200,0.7,0.1,1,482316
large_21_N50_M1000,200,0.7,0.1,2,477457
large_21_N50_M1000,200,0.7,0.2,0,480423
large_21_N50_M1000,200,0.7,0.2,1,481579
large_21_N50_M1000,200,0.8,0.05,0,481732
large_21_N50_M1000,200,0.7,0.2,2,482100
large_21_N50_M1000,200,0.8,0.05,1,479813
large_21_N50_M1000,200,0.8,0.05,2,478187
large_21_N50_M1000,200,0.8,0.1,0,480349
large_21_N50_M1000,200,0.8,0.1,1,481197
large_21_N50_M1000,200,0.8,0.1,2,481203
large_21_N50_M1000,200,0.8,0.2,0,480760
large_21_N50_M1000,200,0.8,0.2,1,484465
large_21_N50_M1000,200,0.8,0.2,2,483456
large_21_N50_M1000,200,0.9,0.05,0,479196
large_21_N50_M1000,200,0.9,0.05,1,481784
large_21_N50_M1000,200,0.9,0.05,2,479795
large_21_N50_M1000,200,0.9,0.1,0,480145
large_21_N50_M1000,200,0.9,0.1,1,480949
large_21_N50_M1000,200,0.9,0.1,2,479861
large_22_N50_M1000,100,0.7,0.05,0,478308
large_21_N50_M1000,200,0.9,0.2,0,480359
large_21_N50_M1000,200,0.9,0.2,1,479913
large_21_N50_M1000,200,0.9,0.2,2,482251
large_22_N50_M1000,100,0.7,0.05,1,472610
large_22_N50_M1000,100,0.7,0.05,2,469831
large_22_N50_M1000,100,0.7,0.1,0,478278
large_22_N50_M1000,100,0.7,0.1,2,478926
large_22_N50_M1000,100,0.7,0.1,1,477562
large_22_N50_M1000,100,0.7,0.2,0,482433
large_22_N50_M1000,100,0.7,0.2,1,477498
large_22_N50_M1000,100,0.7,0.2,2,480040
large_22_N50_M1000,100,0.8,0.05,0,477474
large_22_N50_M1000,100,0.8,0.05,1,469427
large_22_N50_M1000,100,0.8,0.05,2,474368
large_22_N50_M1000,100,0.8,0.1,0,475051
large_22_N50_M1000,100,0.8,0.1,1,477178
large_22_N50_M1000,100,0.8,0.1,2,476342
large_22_N50_M1000,100,0.8,0.2,0,479468
large_22_N50_M1000,100,0.8,0.2,1,479235
large_22_N50_M1000,100,0.8,0.2,2,472621
large_22_N50_M1000,100,0.9,0.05,1,472054
large_22_N50_M1000,100,0.9,0.05,0,473550
large_22_N50_M1000,100,0.9,0.05,2,470095
large_22_N50_M1000,100,0.9,0.1,0,478713
large_22_N50_M1000,100,0.9,0.1,1,470096
large_22_N50_M1000,100,0.9,0.1,2,479446
large_22_N50_M1000,100,0.9,0.2,0,472806
large_22_N50_M1000,100,0.9,0.2,1,479859
large_22_N50_M1000,100,0.9,0.2,2,478967
large_22_N50_M1000,200,0.7,0.05,0,478208
large_22_N50_M1000,200,0.7,0.05,1,477226
large_22_N50_M1000,200,0.7,0.05,2,476505
large_22_N50_M1000,200,0.7,0.1,0,479463
large_22_N50_M1000,200,0.7,0.1,1,481018
large_22_N50_M1000,200,0.7,0.1,2,475299
large_22_N50_M1000,200,0.7,0.2,0,478834
large_22_N50_M1000,200,0.7,0.2,1,477956
large_22_N50_M1000,200,0.8,0.05,2,481550
large_22_N50_M1000,200,0.7,0.2,2,483572
large_22_N50_M1000,200,0.8,0.05,0,477941
large_22_N50_M1000,200,0.8,0.1,0,479092
large_22_N50_M1000,200,0.8,0.05,1,478568
large_22_N50_M1000,200,0.8,0.2,0,480283
large_22_N50_M1000,200,0.8,0.1,2,479857
large_22_N50_M1000,200,0.8,0.1,1,479986
large_22_N50_M1000,200,0.8,0.2,1,476306
medium_14_N30_M250,100,0.7,0.05,0,63477
medium_14_N30_M250,100,0.7,0.05,1,63513
medium_14_N30_M250,100,0.7,0.05,2,63477
large_22_N50_M1000,200,0.9,0.1,0,474141
large_22_N50_M1000,200,0.9,0.1,2,478699
large_22_N50_M1000,200,0.9,0.1,1,480225
large_22_N50_M1000,200,0.9,0.2,0,478545
medium_14_N30_M250,100,0.7,0.1,0,63477
large_22_N50_M1000,200,0.9,0.2,1,481699
large_22_N50_M1000,200,0.9,0.2,2,481884
medium_14_N30_M250,100,0.7,0.1,1,63513
medium_14_N30_M250,100,0.7,0.1,2,63477
medium_14_N30_M250,100,0.7,0.2,0,63513
large_22_N50_M1000,200,0.9,0.05,0,473938
large_22_N50_M1000,200,0.8,0.2,2,480502
large_22_N50_M1000,200,0.9,0.05,1,471337
large_22_N50_M1000,200,0.9,0.05,2,473575
medium_14_N30_M250,100,0.7,0.2,1,63513
medium_14_N30_M250,100,0.7,0.2,2,63477
medium_14_N30_M250,100,0.8,0.05,0,63477
medium_14_N30_M250,100,0.8,0.05,1,63513
medium_14_N30_M250,100,0.8,0.05,2,63513
medium_14_N30_M250,100,0.8,0.1,0,63477
medium_14_N30_M250,100,0.8,0.1,1,63513
medium_14_N30_M250,100,0.8,0.1,2,63513
medium_14_N30_M250,100,0.8,0.2,0,63477
medium_14_N30_M250,100,0.8,0.2,1,63513
medium_14_N30_M250,100,0.8,0.2,2,63477
medium_14_N30_M250,100,0.9,0.05,0,63513
medium_14_N30_M250,100,0.9,0.05,1,63513
medium_14_N30_M250,100,0.9,0.05,2,63513
medium_14_N30_M250,100,0.9,0.1,0,63513
medium_14_N30_M250,100,0.9,0.1,1,63513
medium_14_N30_M250,100,0.9,0.1,2,63513
medium_14_N30_M250,100,0.9,0.2,0,63513
medium_14_N30_M250,100,0.9,0.2,1,63513
medium_14_N30_M250,100,0.9,0.2,2,63477
medium_14_N30_M250,200,0.7,0.05,0,63477
medium_14_N30_M250,200,0.7,0.05,1,63513
medium_14_N30_M250,200,0.7,0.05,2,63513
medium_14_N30_M250,200,0.7,0.1,0,63477
medium_14_N30_M250,200,0.7,0.1,1,63513
medium_14_N30_M250,200,0.7,0.1,2,63477
medium_14_N30_M250,200,0.7,0.2,0,63477
medium_14_N30_M250,200,0.7,0.2,1,63513
medium_14_N30_M250,200,0.7,0.2,2,63513
medium_14_N30_M250,200,0.8,0.05,0,63477
medium_14_N30_M250,200,0.8,0.05,1,63513
medium_14_N30_M250,200,0.8,0.05,2,63477
medium_14_N30_M250,200,0.8,0.1,0,63513
medium_14_N30_M250,200,0.8,0.1,1,63513
medium_14_N30_M250,200,0.8,0.1,2,63513
medium_14_N30_M250,200,0.8,0.2,0,63513
medium_14_N30_M250,200,0.8,0.2,1,63513
medium_14_N30_M250,200,0.8,0.2,2,63477
medium_14_N30_M250,200,0.9,0.05,0,63477
medium_14_N30_M250,200,0.9,0.05,1,63513
medium_14_N30_M250,200,0.9,0.05,2,63513
medium_14_N30_M250,200,0.9,0.1,0,63477
medium_14_N30_M250,200,0.9,0.1,1,63513
medium_14_N30_M250,200,0.9,0.1,2,63477
medium_14_N30_M250,200,0.9,0.2,0,63477
medium_14_N30_M250,200,0.9,0.2,1,63513
medium_14_N30_M250,200,0.9,0.2,2,63513
medium_15_N30_M300,100,0.7,0.05,1,65019
medium_15_N30_M300,100,0.7,0.05,0,66314
medium_15_N30_M300,100,0.7,0.05,2,65500
medium_15_N30_M300,100,0.7,0.1,0,68527
medium_15_N30_M300,100,0.7,0.1,1,68315
medium_15_N30_M300,100,0.7,0.1,2,67785
medium_15_N30_M300,100,0.7,0.2,0,70874
medium_15_N30_M300,100,0.7,0.2,1,71935
medium_15_N30_M300,100,0.7,0.2,2,71708
medium_15_N30_M300,100,0.8,0.05,0,66110
medium_15_N30_M300,100,0.8,0.05,1,66836
medium_15_N30_M300,100,0.8,0.05,2,64736
medium_15_N30_M300,100,0.8,0.1,0,69643
medium_15_N30_M300,100,0.8,0.1,1,69299
medium_15_N30_M300,100,0.8,0.1,2,68061
medium_15_N30_M300,100,0.8,0.2,0,71246
medium_15_N30_M300,100,0.8,0.2,1,72044
medium_15_N30_M300,100,0.8,0.2,2,69602
medium_15_N30_M300,100,0.9,0.05,0,65116
medium_15_N30_M300,100,0.9,0.05,1,65705
medium_15_N30_M300,100,0.9,0.05,2,66979
medium_15_N30_M300,100,0.9,0.1,0,67388
medium_15_N30_M300,100,0.9,0.1,1,68080
medium_15_N30_M300,100,0.9,0.1,2,68236
medium_15_N30_M300,100,0.9,0.2,0,70879
medium_15_N30_M300,100,0.9,0.2,1,72935
medium_15_N30_M300,100,0.9,0.2,2,71816
medium_15_N30_M300,200,0.7,0.05,0,64380
medium_15_N30_M300,200,0.7,0.05,1,65623
medium_15_N30_M300,200,0.7,0.05,2,65094
medium_15_N30_M300,200,0.7,0.1,0,67416
medium_15_N30_M300,200,0.7,0.1,1,68116
medium_15_N30_M300,200,0.7,0.1,2,67155
medium_15_N30_M300,200,0.7,0.2,0,72957
medium_15_N30_M300,200,0.7,0.2,1,71303
medium_15_N30_M300,200,0.7,0.2,2,71992
medium_15_N30_M300,200,0.8,0.05,0,66511
medium_15_N30_M300,200,0.8,0.05,1,66751
medium_15_N30_M300,200,0.8,0.05,2,64093
medium_15_N30_M300,200,0.8,0.1,1,68014
medium_15_N30_M300,200,0.8,0.1,0,68344
medium_15_N30_M300,200,0.8,0.1,2,68364
medium_15_N30_M300,200,0.8,0.2,0,71135
medium_15_N30_M300,200,0.8,0.2,1,71550
medium_15_N30_M300,200,0.8,0.2,2,70681
medium_15_N30_M300,200,0.9,0.05,0,64589
medium_15_N30_M300,200,0.9,0.05,1,63599
medium_15_N30_M300,200,0.9,0.05,2,64019
medium_15_N30_M300,200,0.9,0.1,0,68037
medium_15_N30_M300,200,0.9,0.1,1,68310
medium_15_N30_M300,200,0.9,0.1,2,68228
medium_15_N30_M300,200,0.9,0.2,0,72195
medium_15_N30_M300,200,0.9,0.2,1,72324
medium_15_N30_M300,200,0.9,0.2,2,71484
medium_17_N35_M400,100,0.7,0.05,0,117126
medium_17_N35_M400,100,0.7,0.05,1,117623
medium_17_N35_M400,100,0.7,0.1,0,118068
medium_17_N35_M400,100,0.7,0.05,2,117306
medium_17_N35_M400,100,0.7,0.1,1,118496
medium_17_N35_M400,100,0.7,0.1,2,119224
medium_17_N35_M400,100,0.7,0.2,0,120594
medium_17_N35_M400,100,0.7,0.2,1,121058
medium_17_N35_M400,100,0.7,0.2,2,120764
medium_17_N35_M400,100,0.8,0.05,0,118143
medium_17_N35_M400,100,0.8,0.05,1,118246
medium_17_N35_M400,100,0.8,0.05,2,117532
medium_17_N35_M400,100,0.8,0.1,0,118612
medium_17_N35_M400,100,0.8,0.1,1,117161
medium_17_N35_M400,100,0.8,0.1,2,118934
medium_17_N35_M400,100,0.8,0.2,0,119935
medium_17_N35_M400,100,0.8,0.2,1,119802
medium_17_N35_M400,100,0.8,0.2,2,120915
medium_17_N35_M400,100,0.9,0.05,0,116406
medium_17_N35_M400,100,0.9,0.05,1,117776
medium_17_N35_M400,100,0.9,0.05,2,116925
medium_17_N35_M400,100,0.9,0.1,0,117878
medium_17_N35_M400,100,0.9,0.1,1,118094
medium_17_N35_M400,100,0.9,0.1,2,120178
medium_17_N35_M400,100,0.9,0.2,0,119591
medium_17_N35_M400,100,0.9,0.2,1,119392
medium_17_N35_M400,100,0.9,0.2,2,121106
medium_17_N35_M400,200,0.7,0.05,0,119120
medium_17_N35_M400,200,0.7,0.05,1,118116
medium_17_N35_M400,200,0.7,0.05,2,116046
medium_17_N35_M400,200,0.7,0.1,1,118134
medium_17_N35_M400,200,0.7,0.1,0,119414
medium_17_N35_M400,200,0.7,0.1,2,118883
medium_17_N35_M400,200,0.7,0.2,0,120115
medium_17_N35_M400,200,0.7,0.2,1,122177
medium_17_N35_M400,200,0.8,0.05,0,117064
medium_17_N35_M400,200,0.7,0.2,2,120038
medium_17_N35_M400,200,0.8,0.05,1,116610
medium_17_N35_M400,200,0.8,0.05,2,118409
medium_17_N35_M400,200,0.8,0.1,0,118219
medium_17_N35_M400,200,0.8,0.1,1,117810
medium_17_N35_M400,200,0.8,0.1,2,118595
medium_17_N35_M400,200,0.8,0.2,0,121920
medium_17_N35_M400,200,0.8,0.2,1,119833
medium_17_N35_M400,200,0.8,0.2,2,120498
medium_17_N35_M400,200,0.9,0.05,0,115770
medium_17_N35_M400,200,0.9,0.05,1,115247
medium_17_N35_M400,200,0.9,0.05,2,118105
medium_17_N35_M400,200,0.9,0.1,0,117546
medium_17_N35_M400,200,0.9,0.1,2,118164
medium_17_N35_M400,200,0.9,0.1,1,115853
medium_17_N35_M400,200,0.9,0.2,0,118322
medium_17_N35_M400,200,0.9,0.2,1,118616
medium_17_N35_M400,200,0.9,0.2,2,118745
